FirstName,LastName,AlternateEmail
Austin,Powers,Austin.Powers@gmail.com
Carrie,Mathison,Carrie.Mathison@gmail.com
Emma,Peel,Emma.Peel@gmail.com
Jack,Bauer,Jack.Bauer@gmail.com
Jack,Ryan,Jack.Ryan@gmail.com
Jason,Bourne,Jason.Bourne@gmail.com
Maxwell,Smart,Maxwell.Smart@gmail.com
James,Bond,James.Bond@gmail.com